sample_id,distance,dist_factor,trans_err,trans_perc_err,yaw_err,KF
1,87.01,dist1,128.57420411190094,147.76945651293062,18.668364948934244,no
2,87.01,dist1,119.39064157233295,137.21485067501777,8.816121799823398,no
3,87.01,dist1,112.78686325887315,129.62517326614545,2.1710877108102395,no
4,87.01,dist1,116.51448076143676,133.90929865697822,0.2072573632891043,no
5,87.01,dist1,105.28054643561926,120.99821449904522,0.0557168157737003,no
6,87.01,dist1,103.8900551973441,119.40013239552243,0.445156438310797,no
7,87.01,dist1,114.41512828101304,131.49652715896224,0.553586247872618,no
8,87.01,dist1,118.24772554972738,135.90130507956255,0.1637000879701364,no
9,87.01,dist1,121.45976327160488,139.5928781422881,0.5175938497172543,no
10,87.01,dist1,126.26038196194162,145.11019648539434,0.8362813541811088,no
11,87.01,dist1,116.58848596731777,133.99435233572893,0.3374823006489429,no
12,87.01,dist1,121.9756011934669,140.1857271502895,1.111751076704445,no
13,87.01,dist1,117.09867909445488,134.580713819624,0.8753889653310656,no
14,87.01,dist1,137.234504885735,157.72268116967587,0.8227236891436022,no
15,87.01,dist1,126.68685313418356,145.60033689711935,0.9535298468018638,no
16,87.01,dist1,130.57054832493452,150.06384131126828,0.4608182938036915,no
17,87.01,dist1,134.12150725198092,154.1449342052418,0.0775250542242519,no
18,87.01,dist1,152.9400272966892,175.77293103860384,1.6469525841290005,no
19,87.01,dist1,149.67931128132855,172.0254123449357,3.5250671446172914,no
20,87.01,dist1,159.58748935939062,183.4128138827613,3.931546619852101,no
21,87.01,dist1,166.28984400864098,191.1157844025296,11.639871004397456,no
22,87.01,dist1,152.39828391829806,175.1503090659672,136.11080558542267,no
23,87.01,dist1,133.66120089216702,153.6159072430376,175.1972107724007,no
24,87.01,dist1,115.29832695810194,132.51158137926896,179.7726604840928,no
25,87.01,dist1,95.95677574727712,110.28246839130802,175.2322951364138,no
26,87.01,dist1,75.47097153375378,86.73827322578299,171.2307710333588,no
27,87.01,dist1,66.69194858199484,76.64860197907693,171.13149040355762,no
28,87.01,dist1,64.88764277705714,74.57492561436287,171.47077479059342,no
29,87.01,dist1,65.30279510255524,75.05205735266662,173.92528568753596,no
30,87.01,dist1,65.36349714531109,75.12182179670278,176.76465310138303,no
31,87.01,dist1,68.81556235783613,79.08925681856812,175.7728931575528,no
32,87.01,dist1,46.36174151030136,53.28323354821441,163.88147019350956,no
33,87.01,dist1,24.83658199867492,28.544514422106555,127.525018813519,no
34,87.01,dist1,18.47321332123808,21.231138169449583,55.57221114621165,no
35,87.01,dist1,82.82037600105302,95.18489369159064,13.553170798806937,no
36,87.01,dist1,103.2888238214592,118.7091412727953,8.08153032981154,no
37,87.01,dist1,116.27631585538248,133.63557735361738,2.71136541984305,no
38,87.01,dist1,118.35950840682446,136.02977635538954,0.133376379881108,no
39,87.01,dist1,123.86030344918488,142.35180260795872,0.436755394909379,no
40,87.01,dist1,120.53163773758824,138.5261897915047,1.413665287104053,no
41,87.01,dist1,132.66853934004783,152.4750480864818,0.3006070950575895,no
42,87.01,dist1,118.23847089733223,135.89066877063811,0.3785490201121872,no
43,87.01,dist1,118.52498643726528,136.21995912799133,0.8327033778894192,no
44,87.01,dist1,115.85200786311708,133.14792306989662,2.819538332631097,no
45,87.01,dist1,103.37026426500644,118.8027402195224,3.2089627271616865,no
46,87.01,dist1,116.1980743446143,133.54565491853154,4.286112873279848,no
47,87.01,dist1,117.00015641981771,134.467482381126,3.244351661001918,no
48,87.01,dist1,114.4488693380306,131.53530552583678,1.3161263410712658,no
49,87.01,dist1,100.9417154594822,116.01162562864292,1.1839568998798364,no
50,87.01,dist1,110.35592054229392,126.83130736960568,0.8706709966839163,no
51,87.01,dist1,109.69837053553204,126.07558962824048,0.2476008520432344,no
52,87.01,dist1,120.91784373254544,138.97005370939596,2.721491670564279,no
53,87.01,dist1,120.78030723458454,138.81198394964318,25.85763185807023,no
54,87.01,dist1,112.15829369152202,128.90276254628435,145.3625019280918,no
55,87.01,dist1,100.11091482384084,115.05679212026298,172.08612974528626,no
56,87.01,dist1,86.7981729513088,99.7565486166059,168.05586878621608,no
57,87.01,dist1,60.84014418371435,69.92316306598592,160.09219733620313,no
58,87.01,dist1,52.64507617581906,60.50462725642921,159.51848427538417,no
59,87.01,dist1,54.38486621142862,62.50415608714932,159.34446118208098,no
60,87.01,dist1,61.13556362109476,70.26268661199259,163.33870918143893,no
61,87.01,dist1,89.87311169288944,103.29055475564812,168.88097093036163,no
62,87.01,dist1,136.03532964571153,156.3444772390662,170.68345071268112,no
63,87.01,dist1,144.27512428865694,165.81441706546022,136.41686146182735,no
64,87.01,dist1,161.1123473023285,185.16532272420235,74.65115598096014,no
65,87.01,dist1,154.11601574838042,177.12448655140835,37.95675919674838,no
66,87.01,dist1,136.44953591287629,156.82052167897515,8.730044216856765,no
67,87.01,dist1,115.16741869892212,132.3611294091738,3.4392643039859365,no
68,87.01,dist1,127.35082438307326,146.36343452829934,1.6210682386658413,no
69,87.01,dist1,115.11201284704792,132.29745184122274,1.2237868676894628,no
70,87.01,dist1,112.46979592493273,129.2607699401594,0.8498442164055896,no
71,87.01,dist1,110.58266940538782,127.09190829259605,0.5780167056788538,no
72,87.01,dist1,119.72638775605115,137.60072147575124,0.6349436990964673,no
73,87.01,dist1,118.94657826482788,136.70449174213064,1.1645839057376195,no
74,87.01,dist1,119.8487557825962,137.74135821468357,1.0935856847190708,no
75,87.01,dist1,142.31603201468502,163.56284566680267,0.8920059515974368,no
76,87.01,dist1,132.05429054135325,151.76909612843724,0.991278907445744,no
77,87.01,dist1,138.30072186557402,158.94807707800717,0.993527000949208,no
78,87.01,dist1,128.29323763436778,147.44654365517502,1.161551442146786,no
79,87.01,dist1,133.5945308281632,153.53928379285503,1.0605274186272666,no
80,87.01,dist1,108.692688756109,124.91976641318124,0.1387603468701203,no
1,174.03,dist2,273.3005588678651,157.04221046248642,17.6009510469837,no
2,174.03,dist2,273.4076667798078,157.1037561223972,7.700825359579001,no
3,174.03,dist2,241.2571164521528,138.62961354487894,1.8200686104159505,no
4,174.03,dist2,236.12443351595948,135.6803042670571,1.1293668675873885,no
5,174.03,dist2,223.74611605597457,128.5675550514133,0.9641317727528824,no
6,174.03,dist2,241.66499963096047,138.86398875536432,1.2862916880269175,no
7,174.03,dist2,244.2579892922265,140.35395580774954,1.0284431486221706,no
8,174.03,dist2,250.43798839342517,143.9050671685486,0.2384343840848458,no
9,174.03,dist2,261.2294512429944,150.1059881876656,1.2522739091525854,no
10,174.03,dist2,261.720714346135,150.38827463433603,1.2253634592086455,no
11,174.03,dist2,277.0116475057478,159.1746523620915,3.5833354578536114,no
12,174.03,dist2,279.9066667524015,160.83816971349853,5.078568974237346,no
13,174.03,dist2,287.0955217036342,164.96898333829463,23.801578155447825,no
14,174.03,dist2,284.29535546932175,163.3599698151593,57.53076116111686,no
15,174.03,dist2,275.97546068708806,158.579245352576,127.80497859110169,no
16,174.03,dist2,258.43510347597856,148.50031803480928,173.50108604115604,no
17,174.03,dist2,216.3064077012314,124.2925976562842,175.7264297123485,no
18,174.03,dist2,181.54359651111992,104.31741453262076,173.30021802641488,no
19,174.03,dist2,167.16041251738028,96.05264179588592,173.69755259301937,no
20,174.03,dist2,127.13171194790964,73.0516071642301,171.32192405622035,no
21,174.03,dist2,100.09690069762836,57.51703769328758,171.74364254775807,no
22,174.03,dist2,55.08016193811637,31.649808618121227,171.54736169909145,no
23,174.03,dist2,50.64129109881648,29.09917318785065,171.5302122862549,no
24,174.03,dist2,63.15547140644544,36.28999103973191,171.67878425147694,no
25,174.03,dist2,75.60603140518515,43.44425179864688,172.54823515194855,no
26,174.03,dist2,106.36713776870047,61.1200010163193,171.44607562979644,no
27,174.03,dist2,116.58961937228544,66.99397768906825,171.51439503272792,no
28,174.03,dist2,134.6417821171149,77.36699541292587,172.62602166511928,no
29,174.03,dist2,146.48236416586423,84.17075456292837,175.36220189640392,no
30,174.03,dist2,144.50780539321823,83.03614629271863,178.29639720408005,no
31,174.03,dist2,133.82907569726427,76.90000327372537,174.58991137956903,no
32,174.03,dist2,85.16961367224556,48.9396159698015,160.85942945733376,no
33,174.03,dist2,31.09846159729721,17.86959811371442,123.702213859785,no
34,174.03,dist2,30.35646995502352,17.44323964547694,58.223100481788336,no
35,174.03,dist2,145.9457595312261,83.86241425686725,17.53778752170892,no
36,174.03,dist2,184.9374590328259,106.26757400035964,11.147674806424888,no
37,174.03,dist2,224.03418397521747,128.7330827875754,5.814568023972807,no
38,174.03,dist2,235.49746952242305,135.32004224698215,2.855263338899065,no
39,174.03,dist2,257.44090658200616,147.92903900592208,2.746293339357003,no
40,174.03,dist2,240.93252480380008,138.44309877825663,1.6615130220309011,no
41,174.03,dist2,236.9024629369412,136.1273705320584,1.6540363665927111,no
42,174.03,dist2,233.51812540301864,134.18268425157655,1.668909580799434,no
43,174.03,dist2,219.4219727036136,126.082843592262,2.007279807289031,no
44,174.03,dist2,234.6998486705454,134.8617184798859,5.546745139521752,no
45,174.03,dist2,230.4505848843516,132.4200338357476,9.443324917494456,no
46,174.03,dist2,232.15671863877373,133.40040144732157,34.540083970947826,no
47,174.03,dist2,225.0390942094985,129.31051784720938,75.07638323520601,no
48,174.03,dist2,186.33863257612828,107.07270733559058,169.20151422476644,no
49,174.03,dist2,167.45816680033988,96.22373544810658,164.42309231661744,no
50,174.03,dist2,138.5538223143952,79.61490680595024,162.1595934741497,no
51,174.03,dist2,117.59831026213696,67.57358516470549,161.0589473062907,no
52,174.03,dist2,107.75989370873457,61.920297482465415,160.7243451239996,no
53,174.03,dist2,61.97949708966184,35.61426023654647,159.15097184575004,no
54,174.03,dist2,57.4435525652978,33.007844949317814,159.08226390876487,no
55,174.03,dist2,55.73277551969414,32.02480923961049,159.03557534063947,no
56,174.03,dist2,64.60388062943197,37.12226663760959,159.5254374595548,no
57,174.03,dist2,94.51217926078658,54.3079809577582,158.390051525506,no
58,174.03,dist2,102.97992636646208,59.17366337209795,158.1869396599705,no
59,174.03,dist2,123.34870336099765,70.87783908578844,158.45238477866687,no
60,174.03,dist2,151.33401228373742,86.95857741983419,162.4717737313511,no
61,174.03,dist2,184.2490191075476,105.87198707553156,168.4410361751623,no
62,174.03,dist2,282.88820310686015,162.55140096929273,172.31038686699856,no
63,174.03,dist2,300.3720261954503,172.5978430129577,140.4805007363873,no
64,174.03,dist2,321.61709092152665,184.8055455504951,74.89775909956573,no
65,174.03,dist2,313.1618842242095,179.94706902500113,34.452580443225905,no
66,174.03,dist2,275.06711934906565,158.0573000914013,6.789855403238091,no
67,174.03,dist2,258.9709060922534,148.80819749023354,2.7516163347484546,no
68,174.03,dist2,239.6423110041385,137.70172441770873,1.0014803743868452,no
69,174.03,dist2,260.34830213355747,149.5996679500991,0.2604048390935289,no
70,174.03,dist2,246.26210107387087,141.5055456380342,0.1921805030834389,no
71,174.03,dist2,244.67243784495415,140.592103571197,0.4949951631878593,no
72,174.03,dist2,228.82555843683815,131.48627158354202,0.7698440193567275,no
73,174.03,dist2,214.35919763682884,123.173704325018,1.0530723152889117,no
1,261.05,dist3,470.4991093641418,180.23333053596696,20.81612449564456,no
2,261.05,dist3,453.28475669695416,173.63905638649842,12.658665935548008,no
3,261.05,dist3,417.3612056778146,159.87787997617872,6.289021007627037,no
4,261.05,dist3,403.5140156752828,154.57345936613015,13.294239492888549,no
5,261.05,dist3,396.4693536968946,151.87487213058594,25.12438111066276,no
6,261.05,dist3,390.8929848905898,149.73874157846768,63.58129756541864,no
7,261.05,dist3,374.8057632196224,143.57623567118264,173.55917261559023,no
8,261.05,dist3,334.154230950636,128.0039191536625,175.97637112233016,no
9,261.05,dist3,311.52907350402097,119.33693679525798,173.4822521912076,no
10,261.05,dist3,291.1222666009256,111.51973438074148,173.31769079306395,no
11,261.05,dist3,255.7388918039869,97.96548239953528,172.53674856864305,no
12,261.05,dist3,245.60200161169448,94.08236031859585,172.6393081322118,no
13,261.05,dist3,196.47480695298336,75.263285559465,173.54644472645754,no
14,261.05,dist3,172.66802764015037,66.14366122970709,173.44521652632378,no
15,261.05,dist3,162.12053966520392,62.10325212227693,173.60429864802393,no
16,261.05,dist3,151.75932737081055,58.1341993376022,172.82457784698116,no
17,261.05,dist3,86.69487544930132,33.21006529373734,173.04367843034942,no
18,261.05,dist3,63.53177705398376,24.33701476881201,173.6761844710754,no
19,261.05,dist3,44.5568847400052,17.068333552961192,174.86267558374988,no
20,261.05,dist3,37.73306268362832,14.454343108074436,172.7118551532085,no
21,261.05,dist3,59.22236243798311,22.68621430300061,171.40010621551434,no
22,261.05,dist3,97.9026832821636,37.50342205790599,170.68596674745217,no
23,261.05,dist3,123.972279861623,47.48986012703429,170.4258011673555,no
24,261.05,dist3,149.89588968506274,57.42037528636765,169.49756732534408,no
25,261.05,dist3,175.86367335510764,67.36781204945706,169.7531640012733,no
26,261.05,dist3,199.45104068928023,76.40338658850038,168.28544772565644,no
27,261.05,dist3,233.4021811898584,89.40899490130563,168.09329547693733,no
28,261.05,dist3,238.18732349132569,91.24203159981828,168.60079120635848,no
29,261.05,dist3,233.21610104242563,89.3377134811054,172.4341016166808,no
30,261.05,dist3,234.2508089741608,89.73407736991412,175.90164250246914,no
31,261.05,dist3,190.97994609453423,73.15837812470185,175.37488671853703,no
32,261.05,dist3,123.39291098369615,47.26792223087384,160.53688504657677,no
33,261.05,dist3,39.02512107471996,14.949289819850586,120.55401335089148,no
34,261.05,dist3,48.803638672527626,18.695130692406675,55.583013528209314,no
35,261.05,dist3,212.16193217911643,81.27252717070157,16.945478729139506,no
36,261.05,dist3,280.32259193197825,107.38272052556148,11.688479296410916,no
37,261.05,dist3,335.35461810569865,128.46374951377078,8.528576566338511,no
38,261.05,dist3,356.6766717193149,136.63155400088678,5.614244967140552,no
39,261.05,dist3,365.4124548155771,139.97795625955837,8.886590278627171,no
40,261.05,dist3,353.8345741408708,135.54283629223164,62.66628643389433,no
41,261.05,dist3,329.28885288298625,126.1401466703644,167.66933377923323,no
42,261.05,dist3,305.22034828467514,116.9202636600939,170.40302280755523,no
43,261.05,dist3,283.9541349505223,108.77384981824258,165.36568162765374,no
44,261.05,dist3,213.2286413680561,81.68114972919213,162.02968893895874,no
45,261.05,dist3,176.36140112855605,67.55847582017087,161.35760781924296,no
46,261.05,dist3,164.29867109587445,62.93762539585307,161.75704652557778,no
47,261.05,dist3,141.05931410664334,54.03536261507119,160.85830282302433,no
48,261.05,dist3,95.11594698664534,36.435911506089,160.58671408650127,no
49,261.05,dist3,83.87115755266275,32.12838825997424,161.03686457705064,no
50,261.05,dist3,60.7045001372666,23.253974387001183,160.90163442703633,no
51,261.05,dist3,54.64698723052991,20.93353274488792,160.18854779665605,no
52,261.05,dist3,57.03769802680116,21.84933845117838,159.69930446786356,no
53,261.05,dist3,88.93361715133011,34.067656445634974,159.8182969472006,no
54,261.05,dist3,99.4811027433912,38.10806464025711,159.75558635744613,no
55,261.05,dist3,119.870520493647,45.918605820205705,160.28823796710878,no
56,261.05,dist3,141.67664644291162,54.27184311163057,160.70461002724898,no
57,261.05,dist3,173.31024044013472,66.38967264513876,158.97222197772217,no
58,261.05,dist3,209.38591827155776,80.20912402664537,159.08243365832857,no
59,261.05,dist3,225.456750489596,86.36535165278528,159.4223644917277,no
60,261.05,dist3,272.29215847385484,104.30651540848682,163.41405939671114,no
61,261.05,dist3,330.11054086026195,126.45490935079944,169.42361799662848,no
62,261.05,dist3,424.0923669826346,162.45637501728964,172.357933276581,no
63,261.05,dist3,449.3030437277044,172.1137880588793,145.9273685613948,no
64,261.05,dist3,453.6699074366669,173.78659545553222,87.99485512182402,no
65,261.05,dist3,443.2986445928677,169.81369262320158,40.21185910294671,no
66,261.05,dist3,368.60934084932353,141.20258220621471,7.900191572709457,no
67,261.05,dist3,327.3134547802214,125.38343412381587,2.7465342023344346,no
68,261.05,dist3,305.6658661059017,117.09092744911004,0.966612964743562,no
1,348.07,dist4,524.0838839996283,150.56853046790252,156.8149725734016,no
2,348.07,dist4,472.1093376552933,135.63631960677256,163.87913479857684,no
3,348.07,dist4,394.7162419152797,113.40139682112212,167.47707998558275,no
4,348.07,dist4,333.7781905398232,95.89398412383233,171.6702131634042,no
5,348.07,dist4,306.21003101561536,87.9736923652183,172.1834079187483,no
6,348.07,dist4,279.2954811047705,80.24118168896214,172.86134924873826,no
7,348.07,dist4,267.29146097942174,76.79244432999735,172.8256852725525,no
8,348.07,dist4,202.41457842450265,58.1534112174283,173.2921295805702,no
9,348.07,dist4,178.79383963846325,51.36720764169944,173.70598869709494,no
10,348.07,dist4,157.02393036702028,45.11274466831967,174.48181920186042,no
11,348.07,dist4,135.69535165095698,38.98507531558508,173.92643842860235,no
12,348.07,dist4,125.61237609227828,36.08825124034771,174.02890150374196,no
13,348.07,dist4,81.2652391108924,23.3473838914277,173.18137143065218,no
14,348.07,dist4,61.392620522200566,17.63800974579842,172.63132536728995,no
15,348.07,dist4,42.388117490159495,12.178043925118368,172.55413304922905,no
16,348.07,dist4,35.92517557853757,10.321250202125311,171.76500400934944,no
17,348.07,dist4,45.775619993087965,13.151268421032542,170.2777963939478,no
18,348.07,dist4,58.54414061640804,16.819645650704757,170.52198018844976,no
19,348.07,dist4,93.96470842462972,26.995922781230718,170.65345347852042,no
20,348.07,dist4,120.939372378544,34.745704133807564,169.55090387540213,no
21,348.07,dist4,148.99057775361806,42.80477425621802,170.03510249069524,no
22,348.07,dist4,214.18695366137703,61.535597340011215,169.55576241467855,no
23,348.07,dist4,228.8225741264158,65.74038961312834,169.54122486117095,no
24,348.07,dist4,255.17706520621252,73.31199620944425,169.72828970146296,no
25,348.07,dist4,281.7217094754208,80.93823353791502,169.55718549506128,no
26,348.07,dist4,331.43682047719426,95.22131194219388,161.3876060020518,no
27,348.07,dist4,342.2969302756198,98.34140554360324,161.44899941624558,no
28,348.07,dist4,365.2763263533442,104.94335230078552,135.56634754648812,no
29,348.07,dist4,357.31458008343714,102.65595428604507,117.32574364473018,no
30,348.07,dist4,341.82197467202406,98.20495149597038,90.21567064576124,no
31,348.07,dist4,266.54506582397994,76.57800609761829,97.74269081090564,no
32,348.07,dist4,166.15300051048752,47.73551311819103,43.37993589626739,no
33,348.07,dist4,57.28416908084539,16.457657678296144,59.97896752458691,no
34,348.07,dist4,44.22218822302086,12.70496975407845,96.93229923657816,no
35,348.07,dist4,214.79561880875627,61.71046594327471,145.38836840748093,no
36,348.07,dist4,270.02178119785066,77.57686132038116,154.5870354051753,no
37,348.07,dist4,315.04958437505127,90.51328306807576,159.95078666160768,no
38,348.07,dist4,310.19015716394034,89.1171767644268,162.93402088633323,no
39,348.07,dist4,308.1400522933187,88.52818464484693,164.78291981975931,no
40,348.07,dist4,264.0400652749892,75.85832311747328,162.22853631267543,no
41,348.07,dist4,234.6009815529129,67.40051758350702,161.4079749562024,no
42,348.07,dist4,208.02034545771363,59.76393985626847,161.7715181932068,no
43,348.07,dist4,193.9353249785996,55.71733415077416,161.97101054283243,no
44,348.07,dist4,117.06195741437745,33.631728507017975,160.94247230205755,no
45,348.07,dist4,92.21863349625902,26.494278017714542,160.7496439056731,no
46,348.07,dist4,82.24860045137187,23.62990216087909,161.1452054346592,no
47,348.07,dist4,56.32637430789599,16.182484646161978,161.58724999953313,no
48,348.07,dist4,44.348414756573895,12.741234451855632,161.79509423807423,no
49,348.07,dist4,61.26689217246295,17.60188817550003,161.55249006685554,no
50,348.07,dist4,73.00859609578961,20.97526247472911,161.47004059250642,no
51,348.07,dist4,109.14950452150046,31.35849240713088,161.16347709114888,no
52,348.07,dist4,134.31077595873643,38.58728875189946,160.64235460093957,no
53,348.07,dist4,170.08299453779136,48.86459463262889,159.81294329645124,no
54,348.07,dist4,181.98921480276005,52.28523423528601,159.7390657423466,no
55,348.07,dist4,193.5061859137082,55.59404312744799,159.9989459840231,no
56,348.07,dist4,204.30589802642925,58.69678456242401,159.96432343243868,no
57,348.07,dist4,222.93342718975416,64.04844634405555,158.87173909790292,no
58,348.07,dist4,233.2700449647133,67.0181414556593,158.66345052251552,no
59,348.07,dist4,250.0344512581221,71.83453077200622,159.0271743057719,no
1,435.09,dist5,362.0385182636635,83.2100297096379,158.70175202671138,no
2,435.09,dist5,308.28960112648133,70.85651270460855,165.7063143371088,no
3,435.09,dist5,261.779745721176,60.166803585735366,168.89716341109087,no
4,435.09,dist5,199.0007486808328,45.73783554685992,171.24049653687032,no
5,435.09,dist5,187.0448470144241,42.989920939213526,171.74154986169384,no
6,435.09,dist5,163.1126616519808,37.489407169087045,171.98977034861758,no
7,435.09,dist5,138.87961363531528,31.91974387720133,171.72616813833048,no
8,435.09,dist5,92.48056403140784,21.25550208724812,170.53037259154803,no
9,435.09,dist5,81.9237354203334,18.82914693979025,170.60151648113944,no
10,435.09,dist5,49.61996706509876,11.404529422670889,170.33231702613963,no
11,435.09,dist5,41.18827123510846,9.466609491164691,170.58679453858164,no
12,435.09,dist5,27.428309709744376,6.304054266874526,170.8676654956744,no
13,435.09,dist5,44.18161237339443,10.154591549655114,171.90271225635652,no
14,435.09,dist5,52.48694346314671,12.06346812455968,171.4688084501176,no
15,435.09,dist5,84.1867850855032,19.34928062826156,171.68710375413656,no
16,435.09,dist5,107.04459704209788,24.60286309547401,171.1143126137009,no
17,435.09,dist5,157.84618262543745,36.27897277010215,167.47798559507063,no
18,435.09,dist5,186.2663359345017,42.81098989507958,163.789889996461,no
19,435.09,dist5,223.2666321245462,51.315045651370106,136.99917445274917,no
20,435.09,dist5,243.5496999902584,55.9768553610192,97.0904474545928,no
21,435.09,dist5,260.78715312688746,59.93866858049771,20.571115700807216,no
22,435.09,dist5,257.749211357715,59.24043562428808,10.410348368536932,no
23,435.09,dist5,259.5526016427239,59.65492234772666,10.757701463735597,no
24,435.09,dist5,259.70436707472413,59.68980373594525,11.201028923255596,no
25,435.09,dist5,273.6291008171825,62.890229795486576,11.881067224370026,no
26,435.09,dist5,264.4371982974548,60.77758585521498,11.410225904903456,no
27,435.09,dist5,274.8514835856006,63.17117920099303,11.55374412183945,no
28,435.09,dist5,278.1253775931117,63.92364283093423,9.781197744472555,no
29,435.09,dist5,255.35317558721053,58.68973674118241,8.752932359121653,no
30,435.09,dist5,244.4395382897395,56.18137357552219,6.268244485212468,no
31,435.09,dist5,169.76776659702548,39.0189998843976,4.463436578467963,no
32,435.09,dist5,103.01606610793152,23.676955597217017,18.04458067290251,no
33,435.09,dist5,26.32713643953343,6.050963350004237,46.27746829026389,no
34,435.09,dist5,46.28866700723085,10.638871729350443,87.64335745267454,no
35,435.09,dist5,166.67709258591046,38.308647081272944,142.11235629522568,no
36,435.09,dist5,202.4820789648445,46.537975813014434,152.9507765538796,no
37,435.09,dist5,224.13390884141612,51.51437836801953,158.69438729753276,no
38,435.09,dist5,226.68112928413825,52.09982515896441,162.36503073088608,no
39,435.09,dist5,213.7543878781714,49.12877516793569,164.20345805942887,no
40,435.09,dist5,163.172670260945,37.50319939804294,162.8868205747493,no
41,435.09,dist5,135.3823538256469,31.115942408615897,162.65964869879386,no
42,435.09,dist5,107.9687816007944,24.815275368497183,162.9565905961981,no
43,435.09,dist5,80.29253717130034,18.454236404261263,162.49330720604857,no
44,435.09,dist5,30.73246667661593,7.063473459885524,161.89185710053383,no
45,435.09,dist5,44.70472318835041,10.274822034142456,161.68761452913668,no
46,435.09,dist5,54.38023453559114,12.49861742066955,162.07829851383693,no
47,435.09,dist5,65.3199723949684,15.012979474354363,161.49544957573448,no
48,435.09,dist5,91.24617850202202,20.97179399710911,161.03285936062323,no
49,435.09,dist5,106.09266080190342,24.38407244521902,161.4886455806236,no
50,435.09,dist5,119.69413533834629,27.510201415418944,161.410771056053,no
51,435.09,dist5,132.90573181778572,30.546721785788165,160.78182932795377,no
52,435.09,dist5,145.9288679720068,33.53992690523956,160.4639492660209,no
1,87.01,dist1,152.7354776976532,175.5378435785004,14.448340457656997,yes
2,87.01,dist1,141.18353851231456,162.261278602821,6.014403743792298,yes
3,87.01,dist1,132.46299431834433,152.23881659389073,1.2655080259067604,yes
4,87.01,dist1,134.29590017961556,154.3453628084307,0.1822684824422809,yes
5,87.01,dist1,120.81472662531772,138.85154192083405,0.0752318196569882,yes
6,87.01,dist1,117.62070439512438,135.18067393991998,0.2403723218095924,yes
7,87.01,dist1,125.60448561222992,144.3563792808067,0.3347236817666842,yes
8,87.01,dist1,124.99260985274285,143.65315464055033,0.2745036259570445,yes
9,87.01,dist1,125.88829697004049,144.6825617400764,0.8104047287460906,yes
10,87.01,dist1,127.80137726791652,146.88125188819274,1.410212315015888,yes
11,87.01,dist1,116.18479661757246,133.53039491733415,1.0037907458509638,yes
12,87.01,dist1,118.89647293848552,136.64690603204863,0.2780927249543792,yes
13,87.01,dist1,111.37948361586152,128.0076814341587,0.0871442555102722,yes
14,87.01,dist1,128.76320093420338,147.98666927273115,0.1875947866065733,yes
15,87.01,dist1,118.4208827009168,136.10031341330512,0.0083642020847223,yes
16,87.01,dist1,120.1977749374214,138.14248355065095,0.3280177290531618,yes
17,87.01,dist1,119.23475228775044,137.03568818268067,0.6434729334582269,yes
18,87.01,dist1,131.55898476536393,151.1998445757544,0.8431680666667084,yes
19,87.01,dist1,127.31302504938712,146.31999201170797,2.7113216238934017,yes
20,87.01,dist1,134.4587307037803,154.53250282011297,2.373007521998144,yes
21,87.01,dist1,140.49747667444143,161.47279240827655,8.105110708124252,yes
22,87.01,dist1,134.79940745243397,154.92404028552346,129.64542849623186,yes
23,87.01,dist1,121.85403161801848,140.0460080657608,170.0469283120003,yes
24,87.01,dist1,106.6200382617356,122.5376833257506,174.19711112571417,yes
25,87.01,dist1,91.1311315105888,104.73638835833674,177.54823288372782,yes
26,87.01,dist1,74.09794737882653,85.16026592210841,179.48039094780833,yes
27,87.01,dist1,65.60511755660482,75.399514488685,179.74165262018778,yes
28,87.01,dist1,62.18560075592207,71.46948713472253,179.69795021629537,yes
29,87.01,dist1,58.4985388026394,67.23197196027972,178.57512993059328,yes
30,87.01,dist1,56.89491637657391,65.38893963518436,176.42243459253652,yes
31,87.01,dist1,56.78079745011259,65.25778353075805,170.71223768588874,yes
32,87.01,dist1,38.3394174889842,44.06323122512837,161.50181869374637,yes
33,87.01,dist1,17.493790417859522,20.10549410166593,133.06621604836562,yes
34,87.01,dist1,10.019584154092383,11.515439781740472,56.0208812526041,yes
35,87.01,dist1,77.23641916979064,88.76729016180971,10.921758738091643,yes
36,87.01,dist1,97.28661178143332,111.81083988212082,6.622616618153925,yes
37,87.01,dist1,109.66119344488082,126.03286225132835,2.422551835142264,yes
38,87.01,dist1,111.94810203705158,128.66119071032247,0.8898583558754528,yes
39,87.01,dist1,117.35449757578972,134.87472425674025,0.8957157143004203,yes
40,87.01,dist1,116.73476405802872,134.1624687484527,0.1646356207240748,yes
41,87.01,dist1,128.3734608532189,147.5387436538546,0.6064352911652244,yes
42,87.01,dist1,114.99840873670009,132.16688741144705,0.471966220875625,yes
43,87.01,dist1,114.99487585250178,132.16282709171563,0.4069273100495328,yes
44,87.01,dist1,117.1077805290937,134.59117403642534,1.0981903612584318,yes
45,87.01,dist1,104.82127516302604,120.47037715552928,1.3289997982509223,yes
46,87.01,dist1,121.58108685425034,139.7323145089649,2.0070273606801488,yes
47,87.01,dist1,124.72259163755965,143.34282454609772,1.2782929080548464,yes
48,87.01,dist1,127.57355534381952,146.6194177035048,0.1265720274264309,yes
49,87.01,dist1,114.83809417144604,131.9826389741938,0.3745934515558767,yes
50,87.01,dist1,125.10285100835732,143.77985404937056,0.0806314237481744,yes
51,87.01,dist1,122.90258376770092,141.25110190518436,1.081050443606372,yes
52,87.01,dist1,133.19027578950153,153.07467623204406,0.1729221270345637,yes
53,87.01,dist1,126.7557930264715,145.67956904547924,10.401499646413896,yes
54,87.01,dist1,113.9565572400852,130.96949458692703,149.74584950043572,yes
55,87.01,dist1,100.43659107004862,115.43108961044548,168.49236333272896,yes
56,87.01,dist1,82.2533741579978,94.5332423376598,177.56068371932105,yes
57,87.01,dist1,53.97831599905847,62.03691069883745,179.33280209021424,yes
58,87.01,dist1,48.28787068290168,55.49692067911928,179.81088330207675,yes
59,87.01,dist1,56.36288291307181,64.77747720155362,179.43036195248993,yes
60,87.01,dist1,67.43232949775712,77.49951671963811,178.55734151233528,yes
61,87.01,dist1,110.29895307122996,126.76583504336278,175.4273301251402,yes
62,87.01,dist1,161.1297940931855,185.18537420202904,162.7536133140841,yes
63,87.01,dist1,166.89757686738025,191.81424763519163,134.288809984981,yes
64,87.01,dist1,187.4819983227434,215.47178292465625,52.90516046769184,yes
65,87.01,dist1,179.0118373490122,205.7370846443078,20.164592508018792,yes
66,87.01,dist1,157.1513951412322,180.61302740056567,2.862190072496507,yes
67,87.01,dist1,132.96198880872782,152.81230756088704,0.8511667531747071,yes
68,87.01,dist1,145.82653890046504,167.59744730544196,0.2619948728021007,yes
69,87.01,dist1,130.94737874782186,150.49692994807705,0.3624531677533033,yes
70,87.01,dist1,126.56723632846628,145.46286211753392,0.3783210952776092,yes
71,87.01,dist1,122.71028433950784,141.030093482942,0.8394765770855912,yes
72,87.01,dist1,130.23921132583504,149.68303795636712,0.4102826513309031,yes
73,87.01,dist1,126.93072468190702,145.88061680485808,0.0617827425002949,yes
74,87.01,dist1,125.26695265060252,143.96845494839965,0.3726314935392193,yes
75,87.01,dist1,140.83711453725334,161.86313588926944,0.6171501085931836,yes
76,87.01,dist1,129.21153048726515,148.5019313725608,0.3632099470515283,yes
77,87.01,dist1,133.0539029614637,152.91794387020312,0.252453235765545,yes
78,87.01,dist1,122.3804549264314,140.6510227863825,0.0909236311279918,yes
79,87.01,dist1,125.5362175115838,144.2779192180023,0.0553531643168633,yes
80,87.01,dist1,101.55156300321674,116.71251925435782,0.4624353603131503,yes
1,174.03,dist2,301.9289436275496,173.49246890050537,12.424622964708862,yes
2,174.03,dist2,296.9331352093044,170.62180957840854,3.967779305899261,yes
3,174.03,dist2,260.7052595751945,149.80478054082312,0.0935456585610647,yes
4,174.03,dist2,249.0515076576179,143.10837651992065,0.2661558017128377,yes
5,174.03,dist2,234.4310507656647,134.70726355551614,0.0098011086219569,yes
6,174.03,dist2,248.10722185542707,142.56577708178307,0.0487848049613403,yes
7,174.03,dist2,247.3720936275004,142.14336242458222,0.0151940622553039,yes
8,174.03,dist2,244.68672953386763,140.60031576961882,0.9152608841839442,yes
9,174.03,dist2,249.00341092691605,143.0807394856726,0.1724816842587561,yes
10,174.03,dist2,245.57557949094172,141.1110610187564,0.0570730259678656,yes
11,174.03,dist2,254.5635810201206,146.27568868592806,1.8126783950422924,yes
12,174.03,dist2,254.1074875855305,146.01361120814255,2.670256276135732,yes
13,174.03,dist2,261.1631899751695,150.06791356385077,18.065221943693587,yes
14,174.03,dist2,258.7586316596272,148.6862217201788,48.72350514804032,yes
15,174.03,dist2,250.64197822457533,144.02228249415353,127.04738582531586,yes
16,174.03,dist2,235.58615217978,135.37100050553352,170.10044964768645,yes
17,174.03,dist2,196.6796165538174,113.01477708085812,178.10969836767464,yes
18,174.03,dist2,164.6605711181801,94.61619899912664,179.2961101141735,yes
19,174.03,dist2,151.88702620761782,87.27634672620688,178.70357618014452,yes
20,174.03,dist2,116.80165500791048,67.11581624312502,179.27878772653617,yes
21,174.03,dist2,93.41697156925676,53.6786597536383,179.7567344280865,yes
22,174.03,dist2,58.619853780691855,33.683763592881604,179.5344178007492,yes
23,174.03,dist2,55.94226988035594,32.14518754258228,179.4926498849278,yes
24,174.03,dist2,69.80354519099278,40.11006446646715,178.82815619393824,yes
25,174.03,dist2,77.88706197248442,44.75496292161375,179.91540953492455,yes
26,174.03,dist2,101.6042761158983,58.38319606728627,178.83719475341374,yes
27,174.03,dist2,109.13293630428582,62.70926639331484,178.90373025361265,yes
28,174.03,dist2,124.65348904455912,71.62758664860031,179.5223072346482,yes
29,174.03,dist2,135.12038707338544,77.64200831660372,178.50670353702503,yes
30,174.03,dist2,132.6280405930124,76.20987220192633,176.4400487240388,yes
31,174.03,dist2,122.07593051475426,70.14648653378973,171.29511969099443,yes
32,174.03,dist2,79.94684958348023,45.93854483909684,162.33381200051423,yes
33,174.03,dist2,33.06177700820928,18.99774579567275,137.20286762910058,yes
34,174.03,dist2,23.118613190482836,13.284268913683178,58.39663999554708,yes
35,174.03,dist2,137.04364467487312,78.74713823758727,11.570529771962123,yes
36,174.03,dist2,176.11781192956215,101.1996850712878,7.156430711421824,yes
37,174.03,dist2,217.0431736396688,124.71595336417217,3.5277048730686764,yes
38,174.03,dist2,229.5050606934967,131.8767228026758,1.9887805436908417,yes
39,174.03,dist2,255.8122752108944,146.9932053156895,2.1662279158160045,yes
40,174.03,dist2,243.5862708299915,139.96797726253604,1.0967349840141931,yes
41,174.03,dist2,242.0401140061396,139.07953456653428,0.9515851371047624,yes
42,174.03,dist2,241.6231632455215,138.83994900047205,0.5953116495389057,yes
43,174.03,dist2,228.6145480865183,131.36502217233715,0.7848386589469157,yes
44,174.03,dist2,247.394642904353,142.1563195451089,1.2462774600091169,yes
45,174.03,dist2,244.48583487042785,140.4848789693891,3.300572351581041,yes
46,174.03,dist2,244.3226971913698,140.39113784483698,14.790638399004054,yes
47,174.03,dist2,234.53698980681705,134.7681375664064,45.77779291017516,yes
48,174.03,dist2,197.7821320259432,113.64829743489236,177.44447584486704,yes
49,174.03,dist2,178.09361052205875,102.33500575881098,179.2266178252228,yes
50,174.03,dist2,143.19861468799826,82.2838675446752,179.78109214303052,yes
51,174.03,dist2,117.38729508989611,67.45233298275937,179.45002699904794,yes
52,174.03,dist2,104.97960657771618,60.32270676188944,178.98063559016293,yes
53,174.03,dist2,52.76770060232791,30.321036948990347,178.72295312378878,yes
54,174.03,dist2,50.23631797922898,28.866470136889603,178.72547305837256,yes
55,174.03,dist2,58.28662832534481,33.49228772357915,178.72758590807857,yes
56,174.03,dist2,77.77470266392568,44.690399737933504,179.39658447351005,yes
57,174.03,dist2,119.58817875809744,68.716990609721,179.06910737590272,yes
58,174.03,dist2,129.37668522392352,74.3415992782414,179.4276179989869,yes
59,174.03,dist2,153.64326661992507,88.28550630346783,179.05104652040237,yes
60,174.03,dist2,186.67852131006907,107.26801201520948,179.10234527510474,yes
61,174.03,dist2,226.22605434695683,129.99256125205815,175.9625311955346,yes
62,174.03,dist2,324.35561501511944,186.37913866294284,163.8037466062993,yes
63,174.03,dist2,338.422845454412,194.462360199053,136.66690657084536,yes
64,174.03,dist2,357.4256747688276,205.38164383659577,51.71186330035115,yes
65,174.03,dist2,346.4635573125516,199.0826623642772,19.09519876275177,yes
66,174.03,dist2,300.6537693328615,172.759736443637,3.100637289380491,yes
67,174.03,dist2,280.7967843986872,161.3496433940626,2.076402148446163,yes
68,174.03,dist2,259.1646582183971,148.91953009159172,1.3160039880811538,yes
69,174.03,dist2,274.6560688397478,157.82110488981658,0.9959432279543484,yes
70,174.03,dist2,257.9518671639878,148.2226438912761,0.7549597593349586,yes
71,174.03,dist2,249.7725198684591,143.52267992211637,0.9082381828961926,yes
72,174.03,dist2,232.25933409991737,133.45936568403,0.8823766737312392,yes
73,174.03,dist2,215.46425660777092,123.80868620799342,0.5431800248528154,yes
1,261.05,dist3,474.6169404104154,181.810741394528,14.675835835794604,yes
2,261.05,dist3,452.3593755524586,173.28457213271733,7.873230095188096,yes
3,261.05,dist3,413.5030347973644,158.39993671609437,3.3123205355972045,yes
4,261.05,dist3,393.55124308020015,150.75703623068384,8.057633747029598,yes
5,261.05,dist3,387.041144564459,148.26322335355638,19.18195014052308,yes
6,261.05,dist3,379.6503151490446,145.4320303194961,53.80555922562618,yes
7,261.05,dist3,362.8853509472602,139.0099026804291,170.56351541251084,yes
8,261.05,dist3,319.87379348239324,122.53353513977903,178.59097696635328,yes
9,261.05,dist3,296.92505395848536,113.7425987199714,179.7641128924169,yes
10,261.05,dist3,275.1432109186388,105.39866344326327,179.87790061376984,yes
11,261.05,dist3,240.6922871566896,92.20160396732028,179.20343306617914,yes
12,261.05,dist3,229.4154173375886,87.88179174012204,179.27756523074555,yes
13,261.05,dist3,181.9951163861853,69.71657398436518,179.55292308767122,yes
14,261.05,dist3,159.73449033330976,61.189232075583135,179.46739700205745,yes
15,261.05,dist3,149.71222780253072,57.35002022697978,179.82387688302612,yes
16,261.05,dist3,139.5541369757235,53.45877685337042,179.4069755807073,yes
17,261.05,dist3,82.14224123891236,31.46609509247744,179.35311755741037,yes
18,261.05,dist3,63.87323894368645,24.46781802094865,179.8615781347052,yes
19,261.05,dist3,52.50143620676831,20.11163999493136,178.80961479057555,yes
20,261.05,dist3,53.13463403906322,20.35419806131516,179.4825422213598,yes
21,261.05,dist3,74.94721406581154,28.70990770573129,179.14388957706532,yes
22,261.05,dist3,109.01325897738576,41.75953226484802,179.1425552861133,yes
23,261.05,dist3,133.7209914168102,51.22428324719792,179.10385591420558,yes
24,261.05,dist3,159.6186700994716,61.14486500650128,178.29502329679335,yes
25,261.05,dist3,184.9120767826208,70.83396927125867,178.81794010796443,yes
26,261.05,dist3,202.1556043699951,77.43941941007282,177.5050554960524,yes
27,261.05,dist3,240.2152078851923,92.01884998475091,177.62305128045207,yes
28,261.05,dist3,242.9464679924586,93.06510936313296,177.54906749921267,yes
29,261.05,dist3,236.40273414525,90.5584118541467,179.83783109359985,yes
30,261.05,dist3,239.85502458139945,91.88087515089042,177.6003781736219,yes
31,261.05,dist3,195.4323278479395,74.86394477990403,172.09791441579998,yes
32,261.05,dist3,132.57149347407798,50.78394693509978,162.87001164983477,yes
33,261.05,dist3,51.18781776182408,19.60843430830265,135.98863765208372,yes
34,261.05,dist3,34.40780029327145,13.180540238755585,52.00372789216571,yes
35,261.05,dist3,206.465991866946,79.09059255581151,9.3055741989248,yes
36,261.05,dist3,278.02049218582886,106.50085891048798,6.08827629642597,yes
37,261.05,dist3,336.4311364634221,128.87612965463398,3.6081207035724967,yes
38,261.05,dist3,360.3064405897362,138.0220036735247,2.159628197894865,yes
39,261.05,dist3,370.1418205088383,141.7896267032516,4.3216350958097625,yes
40,261.05,dist3,354.4075218580857,135.76231444477523,39.8939714748703,yes
41,261.05,dist3,332.96623951953865,127.54883720342411,167.15639164484014,yes
42,261.05,dist3,307.21539335523545,117.68450233872262,177.23288616796904,yes
43,261.05,dist3,286.19432502790244,109.6319957969364,179.1895617522919,yes
44,261.05,dist3,210.2889558546537,80.55504916860896,179.3247139413563,yes
45,261.05,dist3,168.64179398142238,64.60133843379519,179.3355234908677,yes
46,261.05,dist3,156.9075332968145,60.10631422976998,179.9770043858762,yes
47,261.05,dist3,131.7121526559349,50.45476064199765,179.46560846993563,yes
48,261.05,dist3,83.31564702742376,31.91558974427265,179.50756167098078,yes
49,261.05,dist3,73.98413222078696,28.340981505760183,179.91468847718278,yes
50,261.05,dist3,54.10017408771753,20.724065921362776,179.87182868088445,yes
51,261.05,dist3,55.0264146532385,21.07887939216185,179.08816192004008,yes
52,261.05,dist3,65.1741708194912,24.96616388411844,178.31027570240465,yes
53,261.05,dist3,116.87397723729102,44.7707248562693,178.31675038532453,yes
54,261.05,dist3,129.8924680918661,49.75769702810423,178.32054742510047,yes
55,261.05,dist3,154.13718956454315,59.04508315056239,178.68266783364945,yes
56,261.05,dist3,179.87236628027733,68.903415545021,179.03266560869918,yes
57,261.05,dist3,213.86886825077616,81.92640040251912,178.01507525327045,yes
58,261.05,dist3,252.1971123432405,96.6087386873168,178.78479612873508,yes
59,261.05,dist3,268.81759741268604,102.97552093954646,178.67447512659794,yes
60,261.05,dist3,317.1518336243236,121.49083839276904,179.32209058604602,yes
61,261.05,dist3,377.1652833099144,144.48009320433417,175.88527586059973,yes
62,261.05,dist3,459.0663853820406,175.8538155073896,162.41805617155902,yes
63,261.05,dist3,478.4029297070482,183.26103417239923,133.3050987525393,yes
64,261.05,dist3,480.03638953460535,183.8867609785885,54.8457043214098,yes
65,261.05,dist3,466.3418085212725,178.64080004645567,21.488974590404364,yes
66,261.05,dist3,386.39724492903866,148.01656576481082,4.152279468818704,yes
67,261.05,dist3,343.07169103885803,131.41991612291056,1.9699396922684431,yes
68,261.05,dist3,319.3879900925231,122.34743922333772,1.1897125095409835,yes
1,348.07,dist4,524.4441008306967,150.67202023463577,167.58119992795525,yes
2,348.07,dist4,469.34458118248233,134.84200913106054,172.29974068709217,yes
3,348.07,dist4,393.6939555699208,113.10769545491448,175.19346578806542,yes
4,348.07,dist4,331.710311875359,95.29988561937512,178.16216110670646,yes
5,348.07,dist4,303.33479266040104,87.14764060688972,178.7242553126601,yes
6,348.07,dist4,276.05910379337604,79.31137523870947,179.0893198415052,yes
7,348.07,dist4,262.652194682004,75.45958993363519,179.1422315941756,yes
8,348.07,dist4,197.00981636128213,56.600631011371895,178.88335364559217,yes
9,348.07,dist4,172.57573053282013,49.58075402442616,179.11772185402702,yes
10,348.07,dist4,149.83626429462805,43.04773875790159,179.77090995590444,yes
11,348.07,dist4,127.42929304701114,36.61024881403486,179.41709335592603,yes
12,348.07,dist4,116.8315684978621,33.56553810953604,179.49278260246118,yes
13,348.07,dist4,75.22932327887362,21.613274134189567,179.08170194784722,yes
14,348.07,dist4,58.95854773430649,16.938704207287756,179.072188263658,yes
15,348.07,dist4,48.54973803049608,13.948268460509691,179.42870853931686,yes
16,348.07,dist4,47.854201135478434,13.748441731685707,179.01142689984337,yes
17,348.07,dist4,75.07416126331924,21.56869631491345,178.25482228062646,yes
18,348.07,dist4,86.35442307694115,24.80949897346544,178.5303404364136,yes
19,348.07,dist4,125.70099966666216,36.113712663160335,179.17465755433375,yes
20,348.07,dist4,153.2131163131385,44.0179033852784,178.19892922935898,yes
21,348.07,dist4,181.1287230704256,52.038016223870365,178.81349244452804,yes
22,348.07,dist4,246.07073883884516,70.69576201305632,179.0806442050642,yes
23,348.07,dist4,258.4910983912115,74.26411307817723,179.0374085996781,yes
24,348.07,dist4,282.7565254216036,81.23553464004469,179.4230071844717,yes
25,348.07,dist4,306.27440669153214,87.99218740239955,179.75978371125282,yes
26,348.07,dist4,349.8165046688774,100.50176822733286,175.42248453449128,yes
27,348.07,dist4,358.6048150832669,103.02663690730796,175.49751443081803,yes
28,348.07,dist4,377.955233548349,108.58598372406382,164.8609721069596,yes
29,348.07,dist4,369.06216392238775,106.03101787640064,154.8044339149175,yes
30,348.07,dist4,353.750552451856,101.63201437982474,121.91921231099762,yes
31,348.07,dist4,275.35874322163386,79.11016267464414,140.6600463760118,yes
32,348.07,dist4,181.0194531363704,52.006623132235006,33.70814309255425,yes
33,348.07,dist4,78.75571667089713,22.626401778635657,55.32314204138308,yes
34,348.07,dist4,22.69568113029484,6.520435869306415,138.88994564540337,yes
35,348.07,dist4,196.3574537951,56.41320820383832,173.25801723419394,yes
36,348.07,dist4,251.091874951616,72.13832704674806,177.13014463792626,yes
37,348.07,dist4,298.4148134543093,85.73413780397888,178.62209867027912,yes
38,348.07,dist4,290.44333549732033,83.44394388982685,179.73790683929252,yes
39,348.07,dist4,288.9689112817951,83.02034397730202,178.43303272889787,yes
40,348.07,dist4,245.388977737654,70.4998930495745,179.9877446765721,yes
41,348.07,dist4,214.0352402241442,61.49201029222403,179.45072648965206,yes
42,348.07,dist4,186.0581012726529,53.45421934457232,179.72232669486095,yes
43,348.07,dist4,173.5258404099108,49.85371919726228,179.95403577923918,yes
44,348.07,dist4,94.50455305999324,27.151019352427163,178.61407624710426,yes
45,348.07,dist4,70.33913132797419,20.208329165964948,178.46800700232274,yes
46,348.07,dist4,62.337181151133336,17.909380627785602,179.1065264039348,yes
47,348.07,dist4,48.469570390774095,13.925236415311314,179.06854112202822,yes
48,348.07,dist4,67.02259446846625,19.25549299522115,179.1440295058029,yes
49,348.07,dist4,88.77997823494928,25.50635740941457,178.7312729377225,yes
50,348.07,dist4,101.2833480301574,29.098557195436957,178.82867885790773,yes
51,348.07,dist4,141.18314697866296,40.56171085662739,178.7180411752012,yes
52,348.07,dist4,168.59788671838328,48.43792533639305,178.0544200528467,yes
53,348.07,dist4,209.04744983953609,60.059025437278734,177.82754860737026,yes
54,348.07,dist4,222.90525460709517,64.04035240241765,177.8259867192378,yes
55,348.07,dist4,236.1697183517108,67.85121336274624,178.1748978176011,yes
56,348.07,dist4,249.03965125767445,71.54872619233903,178.34292606753888,yes
57,348.07,dist4,268.7538567025589,77.21258847431807,178.14068770930126,yes
58,348.07,dist4,278.614824159335,80.04562994780791,178.49227766556112,yes
59,348.07,dist4,295.73612421588354,84.96455431835076,178.389401390925,yes
1,435.09,dist5,371.94076768875937,85.48593801024141,168.49060853401053,yes
2,435.09,dist5,314.0430067790087,72.17886110437122,173.30144374766292,yes
3,435.09,dist5,265.2472630487209,60.96376911644049,175.64499112090888,yes
4,435.09,dist5,199.1217327846957,45.7656422314224,177.53322479281232,yes
5,435.09,dist5,185.68811809121647,42.678093748699474,178.25418720171166,yes
6,435.09,dist5,159.47752718685297,36.65391693370405,178.70926023680738,yes
7,435.09,dist5,133.1632029846704,30.60589831636452,178.7622579159597,yes
8,435.09,dist5,83.67982663218123,19.23276256227016,177.78466197257777,yes
9,435.09,dist5,73.86361164190005,16.976628201498553,177.7868022682097,yes
10,435.09,dist5,51.469954577811215,11.82972593665936,177.757244144749,yes
11,435.09,dist5,50.1218848285753,11.519888949085315,178.03342517102826,yes
12,435.09,dist5,57.273799022831376,13.163667062637932,178.20262675835423,yes
13,435.09,dist5,91.03588467896624,20.92346058952544,178.9635006049101,yes
14,435.09,dist5,99.02751938743997,22.760237970865788,178.690368384814,yes
15,435.09,dist5,130.69320061703053,30.038199135128487,179.35846970681555,yes
16,435.09,dist5,152.22935740962845,34.98801567713081,179.5035808079195,yes
17,435.09,dist5,202.0017103232857,46.42756908301401,178.10749540806074,yes
18,435.09,dist5,228.00301836790425,52.40364484771064,176.55713619610262,yes
19,435.09,dist5,260.33388279987673,59.83449005949959,167.57513047899596,yes
20,435.09,dist5,278.44991560397835,63.99823383759185,130.28558491833738,yes
21,435.09,dist5,292.0774343098976,67.130348734721,12.176656980143497,yes
22,435.09,dist5,283.3162278000905,65.11669489073306,0.0356248743212131,yes
23,435.09,dist5,281.6832302340105,64.74137080466352,0.1553091785008141,yes
24,435.09,dist5,278.46872665635345,64.00255732293398,0.068120145396727,yes
25,435.09,dist5,289.3865972109886,66.51189344985833,0.928390815247024,yes
26,435.09,dist5,272.24301536028264,62.571655372516645,0.2345687275958736,yes
27,435.09,dist5,280.78735475600973,64.53546502011302,0.1035088833199313,yes
28,435.09,dist5,282.9911906075755,65.04198915341091,1.2254466048453627,yes
29,435.09,dist5,259.4283873292793,59.62637323985367,1.079655378626364,yes
30,435.09,dist5,250.14004508243656,57.49156383333025,1.6824366312467882,yes
31,435.09,dist5,176.91876303245246,40.66256706255085,6.180015434284877,yes
32,435.09,dist5,120.85744283063492,27.77757310685948,12.600917371423526,yes
33,435.09,dist5,55.99356179960003,12.86942053359076,33.44952023089976,yes
34,435.09,dist5,21.34327100932728,4.905484154847798,124.90873552927764,yes
35,435.09,dist5,132.07477040447696,30.35573568789836,171.9285390806684,yes
36,435.09,dist5,166.42002306593065,38.24956286421905,176.24932021561594,yes
37,435.09,dist5,187.7579716033408,43.15382371540159,177.74576095325298,yes
38,435.09,dist5,190.7969593703669,43.85229708114801,179.5063314055249,yes
39,435.09,dist5,177.2533003014179,40.739456273740586,179.2643695815762,yes
40,435.09,dist5,130.403167157225,29.971538568393896,179.58198705765162,yes
41,435.09,dist5,105.10097276853315,24.156145342005832,179.41587613650285,yes
42,435.09,dist5,80.96422259380137,18.60861490583589,179.3634430012811,yes
43,435.09,dist5,59.13100121576342,13.590521780726611,178.76301514870568,yes
44,435.09,dist5,59.72324004667931,13.726640475919766,178.34841179021942,yes
45,435.09,dist5,79.59455938138521,18.29381493056269,178.37311524410472,yes
46,435.09,dist5,89.94072961834483,20.67175288293108,179.00719099439266,yes
47,435.09,dist5,101.32756347553158,23.28887436519607,178.54206272856447,yes
48,435.09,dist5,126.43356245614687,29.05917452852212,178.4531608776571,yes
49,435.09,dist5,139.5534386956368,32.07461414779397,178.8646865182338,yes
50,435.09,dist5,153.34085349902864,35.24347916500693,178.96319339022656,yes
51,435.09,dist5,167.23576464018052,38.43705087227482,178.4369269028053,yes
52,435.09,dist5,181.5240442795814,41.72103341368025,177.97709804440058,yes
